Tiêu đề,Giá,Diện tích,Địa chỉ
"🍀Bán gấp nhà NGAY CHỢ BÌNH CHÁNH đang cho thuê 10tr/th - 670tr - 120m2","Giá: 670 triệu","DT:",""
"ĐỐNG ĐA-Tôn đức Thắng 36 M2 4 TẦNG 6.5 TỶ SỔ VUÔNG, CÓ SÂN Pickleball 1200m2 TRƯỚC Cửa NHÀ","Giá: 6,5 tỷ","DT:",""
"HOA KHÔI PHỐ HOÀNG CẦU,48M2 4T 7.6 TỶ TRƯỚC MẶT LÀ CONG VIEN SIÊU ĐẸP ,CÁCH OTO TRÁNH 5M","Giá: 7,6 tỷ","DT:",""
"LÁNG 62m2 4 TẦNG VUÔNG 8.2TỶ ,NGÕ RỘNG THÔNG THÁI THỊNH,KHÁCH CHỐT HỤT VẪN CÒN CƠ HỘI MUA","Giá: 8,2 tỷ","DT:",""
"NHÀ ĐƯỜNG LÁNG 62m2 4 TẦNG VUÔNG 8.2TỶ ,GẦN DH NGOẠI THƯƠNG,CÓ SÂN TRƯỚC NHÀ,KO QUY HOẠCH","Giá: 8,2 tỷ","DT:",""
"NHÀ ĐẸP Ở LUÔN LĨNH NAM HOÀNG MAI - NGÕ RỘNG OTO ĐỖ CỬA - 40M/5T/ GIÁ CHỈ 6 TỶ","Giá: 6,95 tỷ","DT:",""
"Định cư nước ngoài bán nhanh nhà đường Lê Văn Sỹ,P13,Q.3.DT 42,5m2/giá 2.450 tỷ.Thuê cao","Giá: 2,45 tỷ","DT:",""
"Bán Nhà 2 Tầng Kiệt Ô tô - Đường Chế Lan Viên, Quận Ngũ Hành Sơn, TP. Đà Nẵng","Giá: 5,7 tỷ","DT:",""
"BÁN NHÀ 3 TẦNG MẶT TIỀN - ÔNG ÍCH KHIÊM, P. HẢI CHÂU 2, Q. HẢI CHÂU, TP. ĐÀ NẴNG","Giá: 20 tỷ","DT:",""
"[ĐẤT NHÀ] BÁN 2.100M2 GIÁ 160 TRIỆU CHÍNH CHỦ, SÁT CHỢ, TRƯỜNG HỌC, SHR, SÁT QL.13","Giá: 160 triệu","DT:",""
"1000m2 có thổ cư ngay trung tâm thành phố Buôn Ma Thuật","Giá: 7,4 tỷ","DT:",""
"LÔ ĐẤT MT ĐƯỜNG 15M CHÍNH HỮU, BÊN CẠNH PHỐ HÀN DƯƠNG ĐÌNH NGHỆ, VỊ TRÍ ĐẸP.","Giá: 10,8 tỷ","DT:",""
"Chỉ 22 TỶ: BIỆT THỰ 2 MẶT TIỀN ngay NGÃ TƯ đường 7,5m - Gần BIỂN NON NƯỚC - ĐÀ NẴNG: 17x21","Giá: 21,999 tỷ","DT:",""
"Chỉ 11,68 TỶ: KHÁCH SẠN có DÒNG TIỀN 90-120 TR/th - Sát BIỂN MỸ KHÊ ĐÀ NẴNG: 5x18m 6TẦNG 1","Giá: 11,688 tỷ","DT:",""
"VỊ TRÍ VÀNG CHỐT NGAY KẺO LỠ! MẶT TIỀN ĐƯỜNG 10M5 HỒ NGHINH 10TYx DT 115M","Giá: 10,7 tỷ","DT:",""
"9.25tỷ,38m2,MT4.4m-bán nhà Bát Khối, Long Biên- siêu phẩm-lô góc- mặt ngõ ô tô tránh","Giá: 9,25 tỷ","DT:",""
"CÂN BÁN BÁN 2 CĂN NHÀ MẶT TIỀN CHỢ BÌNH CHÁNH 9 CHỦ NỢ NGÂN HÀNG SACOMBANK.BÌNH TÂN.","Giá: 820 triệu","DT:",""
"CỰC ĐẸP! VÕNG THỊ - TÂY HỒ DT 50M 9TỶ NHÀ LÔ GÓC MẶT TIỀN RỘNG - ĐƯỜNG THÔNG NGÕ THOÁNG","Giá: 9 tỷ","DT:",""
"BÁN NHÀ 7 TẦNG, THANG MÁY, KD TỐT, HOÀNG CẦU, ĐỐNG ĐA, HN. Giá chỉ 38,5 tỷ","Giá: 38,5 tỷ","DT:",""
"Hậu vận 480tr/năm. Hỗ trợ vay 70%. 7 phòng. Hẻm 6-7m, ôtô thông khắp nơi.","Giá: 10 tỷ","DT:",""
