Tiêu đề,Giá,Diện tích,Địa chỉ
"LÁNG 62m2 4 TẦNG VUÔNG 8.2TỶ ,NGÕ RỘNG THÔNG THÁI THỊNH,KHÁCH CHỐT HỤT VẪN CÒN CƠ HỘI MUA","Giá: 8,2 tỷ","DT:",""
"NHÀ ĐƯỜNG LÁNG 62m2 4 TẦNG VUÔNG 8.2TỶ ,GẦN DH NGOẠI THƯƠNG,CÓ SÂN TRƯỚC NHÀ,KO QUY HOẠCH","Giá: 8,2 tỷ","DT:",""
"ĐỐNG ĐA-Tôn đức Thắng 36 M2 4 TẦNG 6.5 TỶ SỔ VUÔNG, CÓ SÂN Pickleball 1200m2 TRƯỚC Cửa NHÀ","Giá: 6,5 tỷ","DT:",""
"HOA KHÔI PHỐ HOÀNG CẦU,48M2 4T 7.6 TỶ TRƯỚC MẶT LÀ CONG VIEN SIÊU ĐẸP ,CÁCH OTO TRÁNH 5M","Giá: 7,6 tỷ","DT:",""
"+ Chào Bán Lô Đất Mặt Tiền Đường 10M5 Chính Hữu Sơn trà Đà Nẵng..","Giá: 10,8 tỷ","DT:",""
"🍀Bán gấp nhà NGAY CHỢ BÌNH CHÁNH đang cho thuê 10tr/th - 670tr - 120m2","Giá: 670 triệu","DT:",""
"Định cư nước ngoài bán nhanh nhà đường Lê Văn Sỹ,P13,Q.3.DT 42,5m2/giá 2.450 tỷ.Thuê cao","Giá: 2,45 tỷ","DT:",""
"CÂN BÁN BÁN 2 CĂN NHÀ MẶT TIỀN CHỢ BÌNH CHÁNH 9 CHỦ NỢ NGÂN HÀNG SACOMBANK.BÌNH TÂN.","Giá: 820 triệu","DT:",""
"BÁN NHÀ NỘI KHU NGUYỄN THỊ MINH KHAI, ĐA KAO, QUẬN 1 – NHÀ ĐẸP, SANG TRỌNG","Giá: 8,5 tỷ","DT:",""
"Gọi ngay bây giờ để sở hữu Nhà Nguyễn Kiệm 72m2, 1 trệt 1 lững 2 lầu giá 4 tỷ 2","Giá: 4,2 tỷ","DT:",""
"Chính chủ bán nhà 119M/ 6 tỷ 700. Tại 3/1 Đường 8 linh tây.TP Thủ Đức","Giá: 6,7 tỷ","DT:",""
"Chính chủ giảm 200 triệu. Nhà DTSD 100M. Còn 3 tỷ 700, 155/ 2 Tô Ngọc Vân, TP Thủ Đức","Giá: 3,7 tỷ","DT:",""
"🏡 BÁN NHÀ PHAN ĐÌNH PHÙNG, PHÚ NHUẬN – 60,1M² – CHỈ 4 TỶ 590 – NHÀ MỚI SỬA, Ở NGAY!","Giá: 4,59 tỷ","DT:",""
"Lô biệt thự sông SG 275m2(12x23) Full thổ cư, ngay ranh ngay Bình Chiểu chỉ 50m","Giá: 9,9 tỷ","DT:",""
"BÁN NHÀ 3 TẦNG MẶT TIỀN - ÔNG ÍCH KHIÊM, P. HẢI CHÂU 2, Q. HẢI CHÂU, TP. ĐÀ NẴNG","Giá: 20 tỷ","DT:",""
"Bán Nhà 2 Tầng Kiệt Ô tô - Đường Chế Lan Viên, Quận Ngũ Hành Sơn, TP. Đà Nẵng","Giá: 5,7 tỷ","DT:",""
"[ĐẤT NHÀ] BÁN 2.100M2 GIÁ 160 TRIỆU CHÍNH CHỦ, SÁT CHỢ, TRƯỜNG HỌC, SHR, SÁT QL.13","Giá: 160 triệu","DT:",""
"1000m2 có thổ cư ngay trung tâm thành phố Buôn Ma Thuật","Giá: 7,4 tỷ","DT:",""
"LÔ ĐẤT MT ĐƯỜNG 15M CHÍNH HỮU, BÊN CẠNH PHỐ HÀN DƯƠNG ĐÌNH NGHỆ, VỊ TRÍ ĐẸP.","Giá: 10,8 tỷ","DT:",""
"Chỉ 22 TỶ: BIỆT THỰ 2 MẶT TIỀN ngay NGÃ TƯ đường 7,5m - Gần BIỂN NON NƯỚC - ĐÀ NẴNG: 17x21","Giá: 21,999 tỷ","DT:",""
